id,question,answer
1,What is the best time to workout?,"Morning workouts can boost energy and metabolism throughout the day."
2,How much protein do I need daily?,"0.8–1g protein per kg body weight is recommended."
3,Can I lose weight without cardio?,"Yes, strength training and calorie deficit can also support fat loss."
4,What foods help muscle growth?,"Lean meats, fish, legumes, and protein-rich foods help muscle growth."
5,How often should I work out weekly?,"3–5 times per week is effective for most people."
6,Are supplements necessary?,"Not necessary, balanced diet can cover most needs."
7,What is a balanced meal?,"Protein, carbs, healthy fats, and fiber make a balanced meal."
8,How much water should I drink daily?,"2–3 liters depending on activity level and body size."
9,Is it okay to work out when sore?,"Light activity can help recovery, but avoid overtraining."
10,How many hours of sleep do I need?,"7–9 hours of sleep is essential for recovery."
11,What are the benefits of stretching?,"Improves flexibility and reduces injury risk."
12,How do I stay consistent with fitness?,"Set small goals and track progress regularly."
13,Can I gain muscle on a vegan diet?,"Yes, with proper planning of protein intake."
14,How to track calorie intake effectively?,"Apps or journals help track calories accurately."
15,What is progressive overload?,"Gradually increase weight, reps, or sets over time."
16,Should I do cardio before or after weights?,"Weights before cardio for strength focus; cardio first for stamina."
17,How important is rest day?,"Rest days help muscles repair and grow."
18,How do I reduce belly fat?,"Spot reduction isn’t possible; focus on overall fat loss."
19,Can I train twice a day?,"Yes, if volume and recovery are managed properly."
20,What snacks are good post-workout?,"Fruits, nuts, or protein shakes are ideal."
